{
  "name": "Cortana",
  "version": "1.1.3",
  "ignore": [
    "**/.*",
    "gulpfile.js",
    "assets",
    "package.json"
  ],
  "devDependencies": {
    "jquery": "1.10.*",
    "Slidebars": "~0.9.4",
    "sticky-kit": "~1.0.4",
    "typeahead.js": "~0.9.3",
    "hogan": "~3.0.0"
  },
  "homepage": "https://github.com/Yago31/Cortana",
  "_release": "1.1.3",
  "_resolution": {
    "type": "version",
    "tag": "1.1.3",
    "commit": "cd2da5d93537b08441f9132aeb753a81829bad7f"
  },
  "_source": "git://github.com/Yago31/Cortana.git",
  "_target": "~1.1.*",
  "_originalSource": "Cortana"
}